"id","acronym","name","color"
997,"root","root","#FFFFFF"
8,"grey","Basic cell groups and regions","#BFDAE3"
1009,"fiber tracts","fiber tracts","#CCCCCC"
73,"VS","ventricular systems","#AAAAAA"
1024,"grv","grooves","#AAAAAA"
304325711,"retina","retina","#7F2E7E"
567,"CH","Cerebrum","#B0F0FF"
343,"BS","Brain stem","#FF7080"
512,"CB","Cerebellum","#F0F080"
688,"CTX","Cerebral cortex","#B0FFB8"
623,"CNU","Cerebral nuclei","#98D6F9"
695,"CTXpl","Cortical plate","#70FF70"
703,"CTXsp","Cortical subplate","#8ADA87"
315,"Isocortex","Isocortex","#70FF71"
698,"OLF","Olfactory areas","#9AD2BD"
1089,"HPF","Hippocampal formation","#7ED04B"
184,"FRP","Frontal pole, cerebral cortex","#268F45"
500,"MO","Somatomotor areas","#1F9D5A"
453,"SS","Somatosensory areas","#188064"
1057,"GU","Gustatory areas","#009C75"
677,"VISC","Visceral area","#11AD83"
247,"AUD","Auditory areas","#019399"
669,"VIS","Visual areas","#08858C"
31,"ACA","Anterior cingulate area","#40A666"
972,"PL","Prelimbic area","#2FA850"
44,"ILA","Infralimbic area","#59B363"
714,"ORB","Orbital area","#248A5E"
95,"AI","Agranular insular area","#219866"
254,"RSP","Retrosplenial area","#1AA698"
22,"PTLp","Posterior parietal association areas","#009FAC"
541,"TEa","Temporal association areas","#15B0B3"
922,"PERI","Perirhinal area","#0E9684"
895,"ECT","Ectorhinal area","#0D9F91"
68,"FRP1","Frontal pole, layer 1","#268F45"
667,"FRP2/3","Frontal pole, layer 2/3","#268F45"
526157192,"FRP5","Frontal pole, layer 5","#268F45"
526157196,"FRP6a","Frontal pole, layer 6a","#268F45"
526322264,"FRP6b","Frontal pole, layer 6b","#268F45"
107,"MO1","Somatomotor areas, Layer 1","#1F9D5A"
219,"MO2/3","Somatomotor areas, Layer 2/3","#1F9D5A"
299,"MO5","Somatomotor areas, Layer 5","#1F9D5A"
644,"MO6a","Somatomotor areas, Layer 6a","#1F9D5A"
947,"MO6b","Somatomotor areas, Layer 6b","#1F9D5A"
985,"MOp","Primary motor area","#1F9D5A"
993,"MOs","Secondary motor area","#1F9D5A"
320,"MOp1","Primary motor area, Layer 1","#1F9D5A"
943,"MOp2/3","Primary motor area, Layer 2/3","#1F9D5A"
648,"MOp5","Primary motor area, Layer 5","#1F9D5A"
844,"MOp6a","Primary motor area, Layer 6a","#1F9D5A"
882,"MOp6b","Primary motor area, Layer 6b","#1F9D5A"
656,"MOs1","Secondary motor area, layer 1","#1F9D5A"
962,"MOs2/3","Secondary motor area, layer 2/3","#1F9D5A"
767,"MOs5","Secondary motor area, layer 5","#1F9D5A"
1021,"MOs6a","Secondary motor area, layer 6a","#1F9D5A"
1085,"MOs6b","Secondary motor area, layer 6b","#1F9D5A"
12993,"SS1","Somatosensory areas, layer 1","#188064"
12994,"SS2/3","Somatosensory areas, layer 2/3","#188064"
12995,"SS4","Somatosensory areas, layer 4","#188064"
12996,"SS5","Somatosensory areas, layer 5","#188064"
12997,"SS6a","Somatosensory areas, layer 6a","#188064"
12998,"SS6b","Somatosensory areas, layer 6b","#188064"
322,"SSp","Primary somatosensory area","#188064"
378,"SSs","Supplemental somatosensory area","#188064"
793,"SSp1","Primary somatosensory area, layer 1","#188064"
346,"SSp2/3","Primary somatosensory area, layer 2/3","#188064"
865,"SSp4","Primary somatosensory area, layer 4","#188064"
921,"SSp5","Primary somatosensory area, layer 5","#188064"
686,"SSp6a","Primary somatosensory area, layer 6a","#188064"
719,"SSp6b","Primary somatosensory area, layer 6b","#188064"
353,"SSp-n","Primary somatosensory area, nose","#188064"
329,"SSp-bfd","Primary somatosensory area, barrel field","#188064"
337,"SSp-ll","Primary somatosensory area, lower limb","#188064"
345,"SSp-m","Primary somatosensory area, mouth","#188064"
369,"SSp-ul","Primary somatosensory area, upper limb","#188064"
361,"SSp-tr","Primary somatosensory area, trunk","#188064"
182305689,"SSp-un","Primary somatosensory area, unassigned","#188064"
558,"SSp-n1","Primary somatosensory area, nose, layer 1","#188064"
838,"SSp-n2/3","Primary somatosensory area, nose, layer 2/3","#188064"
654,"SSp-n4","Primary somatosensory area, nose, layer 4","#188064"
702,"SSp-n5","Primary somatosensory area, nose, layer 5","#188064"
889,"SSp-n6a","Primary somatosensory area, nose, layer 6a","#188064"
929,"SSp-n6b","Primary somatosensory area, nose, layer 6b","#188064"
981,"SSp-bfd1","Primary somatosensory area, barrel field, layer 1","#188064"
201,"SSp-bfd2/3","Primary somatosensory area, barrel field, layer 2/3","#188064"
1047,"SSp-bfd4","Primary somatosensory area, barrel field, layer 4","#188064"
1070,"SSp-bfd5","Primary somatosensory area, barrel field, layer 5","#188064"
1038,"SSp-bfd6a","Primary somatosensory area, barrel field, layer 6a","#188064"
1062,"SSp-bfd6b","Primary somatosensory area, barrel field, layer 6b","#188064"
480149202,"VISrll","Rostrolateral lateral visual area","#188064"
480149206,"VISrll1","Rostrolateral lateral visual area, layer 1","#188064"
480149210,"VISrll2/3","Rostrolateral lateral visual area, layer 2/3","#188064"
480149214,"VISrll4","Rostrolateral lateral visual area, layer 4","#188064"
480149218,"VISrll5","Rostrolateral lateral visual area,layer 5","#188064"
480149222,"VISrll6a","Rostrolateral lateral visual area, layer 6a","#188064"
480149226,"VISrll6b","Rostrolateral lateral visual area, layer 6b","#188064"
1030,"SSp-ll1","Primary somatosensory area, lower limb, layer 1","#188064"
113,"SSp-ll2/3","Primary somatosensory area, lower limb, layer 2/3","#188064"
1094,"SSp-ll4","Primary somatosensory area, lower limb, layer 4","#188064"
1128,"SSp-ll5","Primary somatosensory area, lower limb, layer 5","#188064"
478,"SSp-ll6a","Primary somatosensory area, lower limb, layer 6a","#188064"
510,"SSp-ll6b","Primary somatosensory area, lower limb, layer 6b","#188064"
878,"SSp-m1","Primary somatosensory area, mouth, layer 1","#188064"
657,"SSp-m2/3","Primary somatosensory area, mouth, layer 2/3","#188064"
950,"SSp-m4","Primary somatosensory area, mouth, layer 4","#188064"
974,"SSp-m5","Primary somatosensory area, mouth, layer 5","#188064"
1102,"SSp-m6a","Primary somatosensory area, mouth, layer 6a","#188064"
2,"SSp-m6b","Primary somatosensory area, mouth, layer 6b","#188064"
450,"SSp-ul1","Primary somatosensory area, upper limb, layer 1","#188064"
854,"SSp-ul2/3","Primary somatosensory area, upper limb, layer 2/3","#188064"
577,"SSp-ul4","Primary somatosensory area, upper limb, layer 4","#188064"
625,"SSp-ul5","Primary somatosensory area, upper limb, layer 5","#188064"
945,"SSp-ul6a","Primary somatosensory area, upper limb, layer 6a","#188064"
1026,"SSp-ul6b","Primary somatosensory area, upper limb, layer 6b","#188064"
1006,"SSp-tr1","Primary somatosensory area, trunk, layer 1","#188064"
670,"SSp-tr2/3","Primary somatosensory area, trunk, layer 2/3","#188064"
1086,"SSp-tr4","Primary somatosensory area, trunk, layer 4","#188064"
1111,"SSp-tr5","Primary somatosensory area, trunk, layer 5","#188064"
9,"SSp-tr6a","Primary somatosensory area, trunk, layer 6a","#188064"
461,"SSp-tr6b","Primary somatosensory area, trunk, layer 6b","#188064"
182305693,"SSp-un1","Primary somatosensory area, unassigned, layer 1","#188064"
182305697,"SSp-un2/3","Primary somatosensory area, unassigned, layer 2/3","#188064"
182305701,"SSp-un4","Primary somatosensory area, unassigned, layer 4","#188064"
182305705,"SSp-un5","Primary somatosensory area, unassigned, layer 5","#188064"
182305709,"SSp-un6a","Primary somatosensory area, unassigned, layer 6a","#188064"
182305713,"SSp-un6b","Primary somatosensory area, unassigned, layer 6b","#188064"
873,"SSs1","Supplemental somatosensory area, layer 1","#188064"
806,"SSs2/3","Supplemental somatosensory area, layer 2/3","#188064"
1035,"SSs4","Supplemental somatosensory area, layer 4","#188064"
1090,"SSs5","Supplemental somatosensory area, layer 5","#188064"
862,"SSs6a","Supplemental somatosensory area, layer 6a","#188064"
893,"SSs6b","Supplemental somatosensory area, layer 6b","#188064"
36,"GU1","Gustatory areas, layer 1","#009C75"
180,"GU2/3","Gustatory areas, layer 2/3","#009C75"
148,"GU4","Gustatory areas, layer 4","#009C75"
187,"GU5","Gustatory areas, layer 5","#009C75"
638,"GU6a","Gustatory areas, layer 6a","#009C75"
662,"GU6b","Gustatory areas, layer 6b","#009C75"
897,"VISC1","Visceral area, layer 1","#11AD83"
1106,"VISC2/3","Visceral area, layer 2/3","#11AD83"
1010,"VISC4","Visceral area, layer 4","#11AD83"
1058,"VISC5","Visceral area, layer 5","#11AD83"
857,"VISC6a","Visceral area, layer 6a","#11AD83"
849,"VISC6b","Visceral area, layer 6b","#11AD83"
1011,"AUDd","Dorsal auditory area","#019399"
1002,"AUDp","Primary auditory area","#019399"
1027,"AUDpo","Posterior auditory area","#019399"
1018,"AUDv","Ventral auditory area","#019399"
527,"AUDd1","Dorsal auditory area, layer 1","#019399"
600,"AUDd2/3","Dorsal auditory area, layer 2/3","#019399"
678,"AUDd4","Dorsal auditory area, layer 4","#019399"
252,"AUDd5","Dorsal auditory area, layer 5","#019399"
156,"AUDd6a","Dorsal auditory area, layer 6a","#019399"
243,"AUDd6b","Dorsal auditory area, layer 6b","#019399"
480149230,"VISlla","Laterolateral anterior visual area","#019399"
480149234,"VISlla1","Laterolateral anterior visual area, layer 1","#019399"
480149238,"VISlla2/3","Laterolateral anterior visual area, layer 2/3","#019399"
480149242,"VISlla4","Laterolateral anterior visual area, layer 4","#019399"
480149246,"VISlla5","Laterolateral anterior visual area,layer 5","#019399"
480149250,"VISlla6a","Laterolateral anterior visual area, layer 6a","#019399"
480149254,"VISlla6b","Laterolateral anterior visual area, layer 6b","#019399"
735,"AUDp1","Primary auditory area, layer 1","#019399"
251,"AUDp2/3","Primary auditory area, layer 2/3","#019399"
816,"AUDp4","Primary auditory area, layer 4","#019399"
847,"AUDp5","Primary auditory area, layer 5","#019399"
954,"AUDp6a","Primary auditory area, layer 6a","#019399"
1005,"AUDp6b","Primary auditory area, layer 6b","#019399"
696,"AUDpo1","Posterior auditory area, layer 1","#019399"
643,"AUDpo2/3","Posterior auditory area, layer 2/3","#019399"
759,"AUDpo4","Posterior auditory area, layer 4","#019399"
791,"AUDpo5","Posterior auditory area, layer 5","#019399"
249,"AUDpo6a","Posterior auditory area, layer 6a","#019399"
456,"AUDpo6b","Posterior auditory area, layer 6b","#019399"
959,"AUDv1","Ventral auditory area, layer 1","#019399"
755,"AUDv2/3","Ventral auditory area, layer 2/3","#019399"
990,"AUDv4","Ventral auditory area, layer 4","#019399"
1023,"AUDv5","Ventral auditory area, layer 5","#019399"
520,"AUDv6a","Ventral auditory area, layer 6a","#019399"
598,"AUDv6b","Ventral auditory area, layer 6b","#019399"
801,"VIS1","Visual areas, layer 1","#08858C"
561,"VIS2/3","Visual areas, layer 2/3","#08858C"
913,"VIS4","Visual areas, layer 4","#08858C"
937,"VIS5","Visual areas, layer 5","#08858C"
457,"VIS6a","Visual areas, layer 6a","#08858C"
497,"VIS6b","Visual areas, layer 6b","#08858C"
402,"VISal","Anterolateral visual area","#08858C"
394,"VISam","Anteromedial visual area","#08858C"
409,"VISl","Lateral visual area","#08858C"
385,"VISp","Primary visual area","#08858C"
425,"VISpl","Posterolateral visual area","#08858C"
533,"VISpm","posteromedial visual area","#08858C"
312782574,"VISli","Laterointermediate area","#08858C"
312782628,"VISpor","Postrhinal area","#08858C"
1074,"VISal1","Anterolateral visual area, layer 1","#08858C"
905,"VISal2/3","Anterolateral visual area, layer 2/3","#08858C"
1114,"VISal4","Anterolateral visual area, layer 4","#08858C"
233,"VISal5","Anterolateral visual area, layer 5","#08858C"
601,"VISal6a","Anterolateral visual area, layer 6a","#08858C"
649,"VISal6b","Anterolateral visual area, layer 6b","#08858C"
281,"VISam1","Anteromedial visual area, layer 1","#08858C"
1066,"VISam2/3","Anteromedial visual area, layer 2/3","#08858C"
401,"VISam4","Anteromedial visual area, layer 4","#08858C"
433,"VISam5","Anteromedial visual area, layer 5","#08858C"
1046,"VISam6a","Anteromedial visual area, layer 6a","#08858C"
441,"VISam6b","Anteromedial visual area, layer 6b","#08858C"
421,"VISl1","Lateral visual area, layer 1","#08858C"
973,"VISl2/3","Lateral visual area, layer 2/3","#08858C"
573,"VISl4","Lateral visual area, layer 4","#08858C"
613,"VISl5","Lateral visual area, layer 5","#08858C"
74,"VISl6a","Lateral visual area, layer 6a","#08858C"
121,"VISl6b","Lateral visual area, layer 6b","#08858C"
593,"VISp1","Primary visual area, layer 1","#08858C"
821,"VISp2/3","Primary visual area, layer 2/3","#08858C"
721,"VISp4","Primary visual area, layer 4","#08858C"
778,"VISp5","Primary visual area, layer 5","#08858C"
33,"VISp6a","Primary visual area, layer 6a","#08858C"
305,"VISp6b","Primary visual area, layer 6b","#08858C"
750,"VISpl1","Posterolateral visual area, layer 1","#08858C"
269,"VISpl2/3","Posterolateral visual area, layer 2/3","#08858C"
869,"VISpl4","Posterolateral visual area, layer 4","#08858C"
902,"VISpl5","Posterolateral visual area, layer 5","#08858C"
377,"VISpl6a","Posterolateral visual area, layer 6a","#08858C"
393,"VISpl6b","Posterolateral visual area, layer 6b","#08858C"
805,"VISpm1","posteromedial visual area, layer 1","#08858C"
41,"VISpm2/3","posteromedial visual area, layer 2/3","#08858C"
501,"VISpm4","posteromedial visual area, layer 4","#08858C"
565,"VISpm5","posteromedial visual area, layer 5","#08858C"
257,"VISpm6a","posteromedial visual area, layer 6a","#08858C"
469,"VISpm6b","posteromedial visual area, layer 6b","#08858C"
312782578,"VISli1","Laterointermediate area, layer 1","#08858C"
312782582,"VISli2/3","Laterointermediate area, layer 2/3","#08858C"
312782586,"VISli4","Laterointermediate area, layer 4","#08858C"
312782590,"VISli5","Laterointermediate area, layer 5","#08858C"
312782594,"VISli6a","Laterointermediate area, layer 6a","#08858C"
312782598,"VISli6b","Laterointermediate area, layer 6b","#08858C"
312782632,"VISpor1","Postrhinal area, layer 1","#08858C"
312782636,"VISpor2/3","Postrhinal area, layer 2/3","#08858C"
312782640,"VISpor4","Postrhinal area, layer 4","#08858C"
312782644,"VISpor5","Postrhinal area, layer 5","#08858C"
312782648,"VISpor6a","Postrhinal area, layer 6a","#08858C"
312782652,"VISpor6b","Postrhinal area, layer 6b","#08858C"
572,"ACA1","Anterior cingulate area, layer 1","#40A666"
1053,"ACA2/3","Anterior cingulate area, layer 2/3","#40A666"
739,"ACA5","Anterior cingulate area, layer 5","#40A666"
179,"ACA6a","Anterior cingulate area, layer 6a","#40A666"
227,"ACA6b","Anterior cingulate area, layer 6b","#40A666"
39,"ACAd","Anterior cingulate area, dorsal part","#40A666"
48,"ACAv","Anterior cingulate area, ventral part","#40A666"
935,"ACAd1","Anterior cingulate area, dorsal part, layer 1","#40A666"
211,"ACAd2/3","Anterior cingulate area, dorsal part, layer 2/3","#40A666"
1015,"ACAd5","Anterior cingulate area, dorsal part, layer 5","#40A666"
919,"ACAd6a","Anterior cingulate area, dorsal part, layer 6a","#40A666"
927,"ACAd6b","Anterior cingulate area, dorsal part, layer 6b","#40A666"
588,"ACAv1","Anterior cingulate area, ventral part, layer 1","#40A666"
296,"ACAv2/3","Anterior cingulate area, ventral part, layer 2/3","#40A666"
772,"ACAv5","Anterior cingulate area, ventral part, layer 5","#40A666"
810,"ACAv6a","Anterior cingulate area, ventral part, 6a","#40A666"
819,"ACAv6b","Anterior cingulate area, ventral part, 6b","#40A666"
171,"PL1","Prelimbic area, layer 1","#2FA850"
195,"PL2","Prelimbic area, layer 2","#2FA850"
304,"PL2/3","Prelimbic area, layer 2/3","#2FA850"
363,"PL5","Prelimbic area, layer 5","#2FA850"
84,"PL6a","Prelimbic area, layer 6a","#2FA850"
132,"PL6b","Prelimbic area, layer 6b","#2FA850"
707,"ILA1","Infralimbic area, layer 1","#59B363"
747,"ILA2","Infralimbic area, layer 2","#59B363"
556,"ILA2/3","Infralimbic area, layer 2/3","#59B363"
827,"ILA5","Infralimbic area, layer 5","#59B363"
1054,"ILA6a","Infralimbic area, layer 6a","#59B363"
1081,"ILA6b","Infralimbic area, layer 6b","#59B363"
264,"ORB1","Orbital area, layer 1","#248A5E"
492,"ORB2/3","Orbital area, layer 2/3","#248A5E"
352,"ORB5","Orbital area, layer 5","#248A5E"
476,"ORB6a","Orbital area, layer 6a","#248A5E"
516,"ORB6b","Orbital area, layer 6b","#248A5E"
723,"ORBl","Orbital area, lateral part","#248A5E"
731,"ORBm","Orbital area, medial part","#248A5E"
738,"ORBv","Orbital area, ventral part","#248A5E"
746,"ORBvl","Orbital area, ventrolateral part","#248A5E"
448,"ORBl1","Orbital area, lateral part, layer 1","#248A5E"
412,"ORBl2/3","Orbital area, lateral part, layer 2/3","#248A5E"
630,"ORBl5","Orbital area, lateral part, layer 5","#248A5E"
440,"ORBl6a","Orbital area, lateral part, layer 6a","#248A5E"
488,"ORBl6b","Orbital area, lateral part, layer 6b","#248A5E"
484,"ORBm1","Orbital area, medial part, layer 1","#248A5E"
524,"ORBm2","Orbital area, medial part, layer 2","#248A5E"
582,"ORBm2/3","Orbital area, medial part, layer 2/3","#248A5E"
620,"ORBm5","Orbital area, medial part, layer 5","#248A5E"
910,"ORBm6a","Orbital area, medial part, layer 6a","#248A5E"
527696977,"ORBm6b","Orbital area, medial part, layer 6b","#248A5E"
969,"ORBvl1","Orbital area, ventrolateral part, layer 1","#248A5E"
288,"ORBvl2/3","Orbital area, ventrolateral part, layer 2/3","#248A5E"
1125,"ORBvl5","Orbital area, ventrolateral part, layer 5","#248A5E"
608,"ORBvl6a","Orbital area, ventrolateral part, layer 6a","#248A5E"
680,"ORBvl6b","Orbital area, ventrolateral part, layer 6b","#248A5E"
104,"AId","Agranular insular area, dorsal part","#219866"
111,"AIp","Agranular insular area, posterior part","#219866"
119,"AIv","Agranular insular area, ventral part","#219866"
996,"AId1","Agranular insular area, dorsal part, layer 1","#219866"
328,"AId2/3","Agranular insular area, dorsal part, layer 2/3","#219866"
1101,"AId5","Agranular insular area, dorsal part, layer 5","#219866"
783,"AId6a","Agranular insular area, dorsal part, layer 6a","#219866"
831,"AId6b","Agranular insular area, dorsal part, layer 6b","#219866"
120,"AIp1","Agranular insular area, posterior part, layer 1","#219866"
163,"AIp2/3","Agranular insular area, posterior part, layer 2/3","#219866"
344,"AIp5","Agranular insular area, posterior part, layer 5","#219866"
314,"AIp6a","Agranular insular area, posterior part, layer 6a","#219866"
355,"AIp6b","Agranular insular area, posterior part, layer 6b","#219866"
704,"AIv1","Agranular insular area, ventral part, layer 1","#219866"
694,"AIv2/3","Agranular insular area, ventral part, layer 2/3","#219866"
800,"AIv5","Agranular insular area, ventral part, layer 5","#219866"
675,"AIv6a","Agranular insular area, ventral part, layer 6a","#219866"
699,"AIv6b","Agranular insular area, ventral part, layer 6b","#219866"
894,"RSPagl","Retrosplenial area, lateral agranular part","#1AA698"
879,"RSPd","Retrosplenial area, dorsal part","#1AA698"
886,"RSPv","Retrosplenial area, ventral part","#1AA698"
671,"RSPagl1","Retrosplenial area, lateral agranular part, layer 1","#1AA698"
965,"RSPagl2/3","Retrosplenial area, lateral agranular part, layer 2/3","#1AA698"
774,"RSPagl5","Retrosplenial area, lateral agranular part, layer 5","#1AA698"
906,"RSPagl6a","Retrosplenial area, lateral agranular part, layer 6a","#1AA698"
279,"RSPagl6b","Retrosplenial area, lateral agranular part, layer 6b","#1AA698"
480149258,"VISmma","Mediomedial anterior visual area","#1AA698"
480149286,"VISmmp","Mediomedial posterior visual area","#1AA698"
480149314,"VISm","Medial visual area","#1AA698"
480149262,"VISmma1","Mediomedial anterior visual area, layer 1","#1AA698"
480149266,"VISmma2/3","Mediomedial anterior visual area, layer 2/3","#1AA698"
480149270,"VISmma4","Mediomedial anterior visual area, layer 4","#1AA698"
480149274,"VISmma5","Mediomedial anterior visual area,layer 5","#1AA698"
480149278,"VISmma6a","Mediomedial anterior visual area, layer 6a","#1AA698"
480149282,"VISmma6b","Mediomedial anterior visual area, layer 6b","#1AA698"
480149290,"VISmmp1","Mediomedial posterior visual area, layer 1","#1AA698"
480149294,"VISmmp2/3","Mediomedial posterior visual area, layer 2/3","#1AA698"
480149298,"VISmmp4","Mediomedial posterior visual area, layer 4","#1AA698"
480149302,"VISmmp5","Mediomedial posterior visual area,layer 5","#1AA698"
480149306,"VISmmp6a","Mediomedial posterior visual area, layer 6a","#1AA698"
480149310,"VISmmp6b","Mediomedial posterior visual area, layer 6b","#1AA698"
480149318,"VISm1","Medial visual area, layer 1","#1AA698"
480149322,"VISm2/3","Medial visual area, layer 2/3","#1AA698"
480149326,"VISm4","Medial visual area, layer 4","#1AA698"
480149330,"VISm5","Medial visual area,layer 5","#1AA698"
480149334,"VISm6a","Medial visual area, layer 6a","#1AA698"
480149338,"VISm6b","Medial visual area, layer 6b","#1AA698"
442,"RSPd1","Retrosplenial area, dorsal part, layer 1","#1AA698"
434,"RSPd2/3","Retrosplenial area, dorsal part, layer 2/3","#1AA698"
545,"RSPd4","Retrosplenial area, dorsal part, layer 4","#1AA698"
610,"RSPd5","Retrosplenial area, dorsal part, layer 5","#1AA698"
274,"RSPd6a","Retrosplenial area, dorsal part, layer 6a","#1AA698"
330,"RSPd6b","Retrosplenial area, dorsal part, layer 6b","#1AA698"
542,"RSPv1","Retrosplenial area, ventral part, layer 1","#1AA698"
606,"RSPv2","Retrosplenial area, ventral part, layer 2","#1AA698"
430,"RSPv2/3","Retrosplenial area, ventral part, layer 2/3","#1AA698"
687,"RSPv5","Retrosplenial area, ventral part, layer 5","#1AA698"
590,"RSPv6a","Retrosplenial area, ventral part, layer 6a","#1AA698"
622,"RSPv6b","Retrosplenial area, ventral part, layer 6b","#1AA698"
532,"PTLp1","Posterior parietal association areas, layer 1","#009FAC"
241,"PTLp2/3","Posterior parietal association areas, layer 2/3","#009FAC"
635,"PTLp4","Posterior parietal association areas, layer 4","#009FAC"
683,"PTLp5","Posterior parietal association areas, layer 5","#009FAC"
308,"PTLp6a","Posterior parietal association areas, layer 6a","#009FAC"
340,"PTLp6b","Posterior parietal association areas, layer 6b","#009FAC"
312782546,"VISa","Anterior area","#009FAC"
417,"VISrl","Rostrolateral visual area","#009FAC"
312782550,"VISa1","Anterior area, layer 1","#009FAC"
312782554,"VISa2/3","Anterior area, layer 2/3","#009FAC"
312782558,"VISa4","Anterior area, layer 4","#009FAC"
312782562,"VISa5","Anterior area, layer 5","#009FAC"
312782566,"VISa6a","Anterior area, layer 6a","#009FAC"
312782570,"VISa6b","Anterior area, layer 6b","#009FAC"
312782604,"VISrl1","Rostrolateral area, layer 1","#009FAC"
312782608,"VISrl2/3","Rostrolateral area, layer 2/3","#009FAC"
312782612,"VISrl4","Rostrolateral area, layer 4","#009FAC"
312782616,"VISrl5","Rostrolateral area, layer 5","#009FAC"
312782620,"VISrl6a","Rostrolateral area, layer 6a","#009FAC"
312782624,"VISrl6b","Rostrolateral area, layer 6b","#009FAC"
97,"TEa1","Temporal association areas, layer 1","#15B0B3"
1127,"TEa2/3","Temporal association areas, layer 2/3","#15B0B3"
234,"TEa4","Temporal association areas, layer 4","#15B0B3"
289,"TEa5","Temporal association areas, layer 5","#15B0B3"
729,"TEa6a","Temporal association areas, layer 6a","#15B0B3"
786,"TEa6b","Temporal association areas, layer 6b","#15B0B3"
540,"PERI1","Perirhinal area, layer 1","#0E9684"
888,"PERI2/3","Perirhinal area, layer 2/3","#0E9684"
692,"PERI5","Perirhinal area, layer 5","#0E9684"
335,"PERI6a","Perirhinal area, layer 6a","#0E9684"
368,"PERI6b","Perirhinal area, layer 6b","#0E9684"
836,"ECT1","Ectorhinal area/Layer 1","#0D9F91"
427,"ECT2/3","Ectorhinal area/Layer 2/3","#0D9F91"
988,"ECT5","Ectorhinal area/Layer 5","#0D9F91"
977,"ECT6a","Ectorhinal area/Layer 6a","#0D9F91"
1045,"ECT6b","Ectorhinal area/Layer 6b","#0D9F91"
507,"MOB","Main olfactory bulb","#9AD2BD"
151,"AOB","Accessory olfactory bulb","#9DF0D2"
159,"AON","Anterior olfactory nucleus","#54BF94"
589,"TT","Taenia tecta","#62D09F"
814,"DP","Dorsal peduncular area","#A4DAA4"
961,"PIR","Piriform area","#6ACBBA"
619,"NLOT","Nucleus of the lateral olfactory tract","#95E4C8"
631,"COA","Cortical amygdalar area","#61E7B7"
788,"PAA","Piriform-amygdalar area","#59DAAB"
566,"TR","Postpiriform transition area","#A8ECD3"
212,"MOBgl","Main olfactory bulb, glomerular layer","#82C7AE"
220,"MOBgr","Main olfactory bulb, granule layer","#82C7AE"
228,"MOBipl","Main olfactory bulb, inner plexiform layer","#9AD2BD"
236,"MOBmi","Main olfactory bulb, mitral layer","#82C7AE"
244,"MOBopl","Main olfactory bulb, outer plexiform layer","#9AD2BD"
188,"AOBgl","Accessory olfactory bulb, glomerular layer","#9DF0D2"
196,"AOBgr","Accessory olfactory bulb, granular layer","#95E4C8"
204,"AOBmi","Accessory olfactory bulb, mitral layer","#9DF0D2"
167,"AONd","Anterior olfactory nucleus, dorsal part","#54BF94"
175,"AONe","Anterior olfactory nucleus, external part","#54BF94"
183,"AONl","Anterior olfactory nucleus, lateral part","#54BF94"
191,"AONm","Anterior olfactory nucleus, medial part","#54BF94"
199,"AONpv","Anterior olfactory nucleus, posteroventral part","#54BF94"
160,"AON1","Anterior olfactory nucleus, layer 1","#54BF94"
168,"AON2","Anterior olfactory nucleus, layer 2","#54BF94"
597,"TTd","Taenia tecta, dorsal part","#62D09F"
605,"TTv","Taenia tecta, ventral part","#62D09F"
297,"TTd1-4","Taenia tecta, dorsal part, layers 1-4","#62D09F"
1034,"TTd1","Taenia tecta, dorsal part, layer 1","#62D09F"
1042,"TTd2","Taenia tecta, dorsal part, layer 2","#62D09F"
1050,"TTd3","Taenia tecta, dorsal part, layer 3","#62D09F"
1059,"TTd4","Taenia tecta, dorsal part, layer 4","#62D09F"
306,"TTv1-3","Taenia tecta, ventral part, layers 1-3","#62D09F"
1067,"TTv1","Taenia tecta, ventral part, layer 1","#62D09F"
1075,"TTv2","Taenia tecta, ventral part, layer 2","#62D09F"
1082,"TTv3","Taenia tecta, ventral part, layer 3","#62D09F"
496,"DP1","Dorsal peduncular area, layer 1","#A4DAA4"
535,"DP2","Dorsal peduncular area, layer 2","#A4DAA4"
360,"DP2/3","Dorsal peduncular area, layer 2/3","#A4DAA4"
646,"DP5","Dorsal peduncular area, layer 5","#A4DAA4"
267,"DP6a","Dorsal peduncular area, layer 6a","#A4DAA4"
152,"PIR1-3","Piriform area, layers 1-3","#6ACBBA"
276,"PIR1","Piriform area, molecular layer","#6ACBBA"
284,"PIR2","Piriform area, pyramidal layer","#6ACBBA"
291,"PIR3","Piriform area, polymorph layer","#6ACBBA"
392,"NLOT1-3","Nucleus of the lateral olfactory tract, layers 1-3","#95E4C8"
260,"NLOT1","Nucleus of the lateral olfactory tract, molecular layer","#95E4C8"
268,"NLOT2","Nucleus of the lateral olfactory tract, pyramidal layer","#95E4C8"
1139,"NLOT3","Nucleus of the lateral olfactory tract, layer 3","#95E4C8"
639,"COAa","Cortical amygdalar area, anterior part","#61E7B7"
647,"COAp","Cortical amygdalar area, posterior part","#61E7B7"
192,"COAa1","Cortical amygdalar area, anterior part, layer 1","#61E7B7"
200,"COAa2","Cortical amygdalar area, anterior part, layer 2","#61E7B7"
208,"COAa3","Cortical amygdalar area, anterior part, layer 3","#61E7B7"
655,"COApl","Cortical amygdalar area, posterior part, lateral zone","#61E7B7"
663,"COApm","Cortical amygdalar area, posterior part, medial zone","#61E7B7"
584,"COApl1-2","Cortical amygdalar area, posterior part, lateral zone, layers 1-2","#61E7B7"
376,"COApl1-3","Cortical amygdalar area, posterior part, lateral zone, layers 1-3","#61E7B7"
216,"COApl1","Cortical amygdalar area, posterior part, lateral zone, layer 1","#61E7B7"
224,"COApl2","Cortical amygdalar area, posterior part, lateral zone, layer 2","#61E7B7"
232,"COApl3","Cortical amygdalar area, posterior part, lateral zone, layer 3","#61E7B7"
592,"COApm1-2","Cortical amygdalar area, posterior part, medial zone, layers 1-2","#61E7B7"
383,"COApm1-3","Cortical amygdalar area, posterior part, medial zone, layers 1-3","#61E7B7"
240,"COApm1","Cortical amygdalar area, posterior part, medial zone, layer 1","#61E7B7"
248,"COApm2","Cortical amygdalar area, posterior part, medial zone, layer 2","#61E7B7"
256,"COApm3","Cortical amygdalar area, posterior part, medial zone, layer 3","#61E7B7"
400,"PAA1-3","Piriform-amygdalar area, layers 1-3","#59DAAB"
408,"PAA1","Piriform-amygdalar area, molecular layer","#59DAAB"
416,"PAA2","Piriform-amygdalar area, pyramidal layer","#59DAAB"
424,"PAA3","Piriform-amygdalar area, polymorph layer","#59DAAB"
517,"TR1-3","Postpiriform transition area, layers 1-3","#A8ECD3"
1140,"TR1","Postpiriform transition area, layers 1","#A8ECD3"
1141,"TR2","Postpiriform transition area, layers 2","#A8ECD3"
1142,"TR3","Postpiriform transition area, layers 3","#A8ECD3"
1080,"HIP","Hippocampal region","#7ED04B"
822,"RHP","Retrohippocampal region","#32B825"
375,"CA","Ammon's horn","#7ED04B"
726,"DG","Dentate gyrus","#7ED04B"
982,"FC","Fasciola cinerea","#7ED04B"
19,"IG","Induseum griseum","#7ED04B"
382,"CA1","Field CA1","#7ED04B"
423,"CA2","Field CA2","#7ED04B"
463,"CA3","Field CA3","#7ED04B"
391,"CA1slm","Field CA1, stratum lacunosum-moleculare","#7ED04B"
399,"CA1so","Field CA1, stratum oriens","#7ED04B"
407,"CA1sp","Field CA1, pyramidal layer","#66A83D"
415,"CA1sr","Field CA1, stratum radiatum","#7ED04B"
431,"CA2slm","Field CA2, stratum lacunosum-moleculare","#7ED04B"
438,"CA2so","Field CA2, stratum oriens","#7ED04B"
446,"CA2sp","Field CA2, pyramidal layer","#66A83D"
454,"CA2sr","Field CA2, stratum radiatum","#7ED04B"
471,"CA3slm","Field CA3, stratum lacunosum-moleculare","#7ED04B"
479,"CA3slu","Field CA3, stratum lucidum","#7ED04B"
486,"CA3so","Field CA3, stratum oriens","#7ED04B"
495,"CA3sp","Field CA3, pyramidal layer","#66A83D"
504,"CA3sr","Field CA3, stratum radiatum","#7ED04B"
10703,"DG-mo","Dentate gyrus, molecular layer","#7ED04B"
10704,"DG-po","Dentate gyrus, polymorph layer","#7ED04B"
632,"DG-sg","Dentate gyrus, granule cell layer","#66A83D"
10702,"DG-sgz","Dentate gyrus, subgranular zone","#7ED04B"
734,"DGcr","Dentate gyrus crest","#7ED04B"
766,"DGlb","Dentate gyrus lateral blade","#7ED04B"
799,"DGmb","Dentate gyrus medial blade","#7ED04B"
742,"DGcr-mo","Dentate gyrus crest, molecular layer","#7ED04B"
751,"DGcr-po","Dentate gyrus crest, polymorph layer","#7ED04B"
758,"DGcr-sg","Dentate gyrus crest, granule cell layer","#7ED04B"
775,"DGlb-mo","Dentate gyrus lateral blade, molecular layer","#7ED04B"
782,"DGlb-po","Dentate gyrus lateral blade, polymorph layer","#7ED04B"
790,"DGlb-sg","Dentate gyrus lateral blade, granule cell layer","#7ED04B"
807,"DGmb-mo","Dentate gyrus medial blade, molecular layer","#7ED04B"
815,"DGmb-po","Dentate gyrus medial blade, polymorph layer","#7ED04B"
823,"DGmb-sg","Dentate gyrus medial blade, granule cell layer","#7ED04B"
909,"ENT","Entorhinal area","#32B825"
843,"PAR","Parasubiculum","#72D569"
1037,"POST","Postsubiculum","#48C83C"
1084,"PRE","Presubiculum","#59B947"
502,"SUB","Subiculum","#4FC244"
484682470,"ProS","Prosubiculum","#58BA48"
589508447,"HATA","Hippocampo-amygdalar transition area","#33B932"
484682508,"APr","Area prostriata","#33B932"
918,"ENTl","Entorhinal area, lateral part","#32B825"
926,"ENTm","Entorhinal area, medial part, dorsal zone","#32B825"
934,"ENTmv","Entorhinal area, medial part, ventral zone","#32B825"
1121,"ENTl1","Entorhinal area, lateral part, layer 1","#32B825"
20,"ENTl2","Entorhinal area, lateral part, layer 2","#32B825"
999,"ENTl2/3","Entorhinal area, lateral part, layer 2/3","#32B825"
715,"ENTl2a","Entorhinal area, lateral part, layer 2a","#32B825"
764,"ENTl2b","Entorhinal area, lateral part, layer 2b","#32B825"
52,"ENTl3","Entorhinal area, lateral part, layer 3","#32B825"
92,"ENTl4","Entorhinal area, lateral part, layer 4","#32B825"
312,"ENTl4/5","Entorhinal area, lateral part, layer 4/5","#32B825"
139,"ENTl5","Entorhinal area, lateral part, layer 5","#32B825"
387,"ENTl5/6","Entorhinal area, lateral part, layer 5/6","#32B825"
28,"ENTl6a","Entorhinal area, lateral part, layer 6a","#32B825"
60,"ENTl6b","Entorhinal area, lateral part, layer 6b","#32B825"
526,"ENTm1","Entorhinal area, medial part, dorsal zone, layer 1","#32B825"
543,"ENTm2","Entorhinal area, medial part, dorsal zone, layer 2","#32B825"
468,"ENTm2a","Entorhinal area, medial part, dorsal zone, layer 2a","#32B825"
508,"ENTm2b","Entorhinal area, medial part, dorsal zone, layer 2b","#32B825"
664,"ENTm3","Entorhinal area, medial part, dorsal zone, layer 3","#32B825"
712,"ENTm4","Entorhinal area, medial part, dorsal zone, layer 4","#32B825"
727,"ENTm5","Entorhinal area, medial part, dorsal zone, layer 5","#32B825"
550,"ENTm5/6","Entorhinal area, medial part, dorsal zone, layer 5/6","#32B825"
743,"ENTm6","Entorhinal area, medial part, dorsal zone, layer 6","#32B825"
259,"ENTmv1","Entorhinal area, medial part, ventral zone, layer 1","#32B825"
324,"ENTmv2","Entorhinal area, medial part, ventral zone, layer 2","#32B825"
371,"ENTmv3","Entorhinal area, medial part, ventral zone, layer 3","#32B825"
419,"ENTmv4","Entorhinal area, medial part, ventral zone, layer 4","#32B825"
1133,"ENTmv5/6","Entorhinal area, medial part, ventral zone, layer 5/6","#32B825"
10693,"PAR1","Parasubiculum, layer 1","#72D569"
10694,"PAR2","Parasubiculum, layer 2","#72D569"
10695,"PAR3","Parasubiculum, layer 3","#72D569"
10696,"POST1","Postsubiculum, layer 1","#48C83C"
10697,"POST2","Postsubiculum, layer 2","#48C83C"
10698,"POST3","Postsubiculum, layer 3","#48C83C"
10699,"PRE1","Presubiculum, layer 1","#59B947"
10700,"PRE2","Presubiculum, layer 2","#59B947"
10701,"PRE3","Presubiculum, layer 3","#59B947"
509,"SUBd","Subiculum, dorsal part","#4FC244"
518,"SUBv","Subiculum, ventral part","#4FC244"
829,"SUBd-m","Subiculum, dorsal part, molecular layer","#4FC244"
845,"SUBd-sp","Subiculum, dorsal part, pyramidal layer","#4BB547"
837,"SUBd-sr","Subiculum, dorsal part, stratum radiatum","#4FC244"
853,"SUBv-m","Subiculum, ventral part, molecular layer","#4FC244"
870,"SUBv-sp","Subiculum, ventral part, pyramidal layer","#4BB547"
861,"SUBv-sr","Subiculum, ventral part, stratum radiatum","#4FC244"
484682475,"ProSd","Prosubiculum, dorsal part","#58BA48"
484682492,"ProSv","Prosubiculum, ventral part","#58BA48"
484682479,"ProSd-m","Prosubiculum, dorsal part, molecular layer","#58BA48"
484682483,"ProSd-sp","Prosubiculum, dorsal part, pyramidal layer","#56B84B"
484682487,"ProSd-sr","Prosubiculum, dorsal part, stratum radiatum","#58BA48"
484682496,"ProSv-m","Prosubiculum, ventral part, molecular layer","#58BA48"
484682500,"ProSv-sp","Prosubiculum, ventral part, pyramidal layer","#56B84B"
484682504,"Prosv-sr","Prosubiculum, ventral part, stratum radiatum","#58BA48"
16,"6b","Layer 6b, isocortex","#8ADA87"
583,"CLA","Claustrum","#8ADA87"
942,"EP","Endopiriform nucleus","#A0EE9D"
131,"LA","Lateral amygdalar nucleus","#90EB8D"
295,"BLA","Basolateral amygdalar nucleus","#9DE79C"
319,"BMA","Basomedial amygdalar nucleus","#84EA81"
780,"PA","Posterior amygdalar nucleus","#97EC93"
952,"EPd","Endopiriform nucleus, dorsal part","#A0EE9D"
966,"EPv","Endopiriform nucleus, ventral part","#A0EE9D"
303,"BLAa","Basolateral amygdalar nucleus, anterior part","#9DE79C"
311,"BLAp","Basolateral amygdalar nucleus, posterior part","#9DE79C"
451,"BLAv","Basolateral amygdalar nucleus, ventral part","#9DE79C"
327,"BMAa","Basomedial amygdalar nucleus, anterior part","#84EA81"
334,"BMAp","Basomedial amygdalar nucleus, posterior part","#84EA81"
477,"STR","Striatum","#98D6F9"
803,"PAL","Pallidum","#8599CC"
485,"STRd","Striatum dorsal region","#98D6F9"
493,"STRv","Striatum ventral region","#80CDF8"
275,"LSX","Lateral septal complex","#90CBED"
278,"sAMY","Striatum-like amygdalar nuclei","#80C0E2"
672,"CP","Caudoputamen","#98D6F9"
56,"ACB","Nucleus accumbens","#80CDF8"
998,"FS","Fundus of striatum","#80CDF8"
754,"OT","Olfactory tubercle","#80CDF8"
549009199,"LSS","Lateral strip of striatum","#80CDF8"
481,"isl","Islands of Calleja","#80CDF8"
489,"islm","Major island of Calleja","#80CDF8"
144,"OT1-3","Olfactory tubercle, layers 1-3","#80CDF8"
458,"OT1","Olfactory tubercle, molecular layer","#80CDF8"
465,"OT2","Olfactory tubercle, pyramidal layer","#80CDF8"
473,"OT3","Olfactory tubercle, polymorph layer","#80CDF8"
242,"LS","Lateral septal nucleus","#90CBED"
310,"SF","Septofimbrial nucleus","#90CBED"
333,"SH","Septohippocampal nucleus","#90CBED"
250,"LSc","Lateral septal nucleus, caudal (caudodorsal) part","#90CBED"
258,"LSr","Lateral septal nucleus, rostral (rostroventral) part","#90CBED"
266,"LSv","Lateral septal nucleus, ventral part","#90CBED"
23,"AAA","Anterior amygdalar area","#80C0E2"
292,"BA","Bed nucleus of the accessory olfactory tract","#80C0E2"
536,"CEA","Central amygdalar nucleus","#80C0E2"
1105,"IA","Intercalated amygdalar nucleus","#80C0E2"
403,"MEA","Medial amygdalar nucleus","#80C0E2"
544,"CEAc","Central amygdalar nucleus, capsular part","#80C0E2"
551,"CEAl","Central amygdalar nucleus, lateral part","#80C0E2"
559,"CEAm","Central amygdalar nucleus, medial part","#80C0E2"
411,"MEAad","Medial amygdalar nucleus, anterodorsal part","#80C0E2"
418,"MEAav","Medial amygdalar nucleus, anteroventral part","#80C0E2"
426,"MEApd","Medial amygdalar nucleus, posterodorsal part","#80C0E2"
435,"MEApv","Medial amygdalar nucleus, posteroventral part","#80C0E2"
472,"MEApd-a","Medial amygdalar nucleus, posterodorsal part, sublayer a","#80C0E2"
480,"MEApd-b","Medial amygdalar nucleus, posterodorsal part, sublayer b","#80C0E2"
487,"MEApd-c","Medial amygdalar nucleus, posterodorsal part, sublayer c","#80C0E2"
818,"PALd","Pallidum, dorsal region","#8599CC"
835,"PALv","Pallidum, ventral region","#A2B1D8"
826,"PALm","Pallidum, medial region","#96A7D3"
809,"PALc","Pallidum, caudal region","#B3C0DF"
1022,"GPe","Globus pallidus, external segment","#8599CC"
1031,"GPi","Globus pallidus, internal segment","#8599CC"
342,"SI","Substantia innominata","#A2B1D8"
298,"MA","Magnocellular nucleus","#A2B1D8"
904,"MSC","Medial septal complex","#96A7D3"
581,"TRS","Triangular nucleus of septum","#96A7D3"
564,"MS","Medial septal nucleus","#96A7D3"
596,"NDB","Diagonal band nucleus","#96A7D3"
351,"BST","Bed nuclei of the stria terminalis","#B3C0DF"
287,"BAC","Bed nucleus of the anterior commissure","#B3C0DF"
359,"BSTa","Bed nuclei of the stria terminalis, anterior division","#B3C0DF"
367,"BSTp","Bed nuclei of the stria terminalis, posterior division","#B3C0DF"
537,"BSTal","Bed nuclei of the stria terminalis, anterior division, anterolateral area","#B3C0DF"
498,"BSTam","Bed nuclei of the stria terminalis, anterior division, anteromedial area","#B3C0DF"
505,"BSTdm","Bed nuclei of the stria terminalis, anterior division, dorsomedial nucleus","#B3C0DF"
513,"BSTfu","Bed nuclei of the stria terminalis, anterior division, fusiform nucleus","#B3C0DF"
546,"BSTju","Bed nuclei of the stria terminalis, anterior division, juxtacapsular nucleus","#B3C0DF"
521,"BSTmg","Bed nuclei of the stria terminalis, anterior division, magnocellular nucleus","#B3C0DF"
554,"BSTov","Bed nuclei of the stria terminalis, anterior division, oval nucleus","#B3C0DF"
562,"BSTrh","Bed nuclei of the stria terminalis, anterior division, rhomboid nucleus","#B3C0DF"
529,"BSTv","Bed nuclei of the stria terminalis, anterior division, ventral nucleus","#B3C0DF"
569,"BSTd","Bed nuclei of the stria terminalis, posterior division, dorsal nucleus","#B3C0DF"
578,"BSTpr","Bed nuclei of the stria terminalis, posterior division, principal nucleus","#B3C0DF"
585,"BSTif","Bed nuclei of the stria terminalis, posterior division, interfascicular nucleus","#B3C0DF"
594,"BSTtr","Bed nuclei of the stria terminalis, posterior division, transverse nucleus","#B3C0DF"
602,"BSTse","Bed nuclei of the stria terminalis, posterior division, strial extension","#B3C0DF"
1129,"IB","Interbrain","#FF7080"
313,"MB","Midbrain","#FF64FF"
1065,"HB","Hindbrain","#FF9B88"
549,"TH","Thalamus","#FF7080"
1097,"HY","Hypothalamus","#E64438"
864,"DORsm","Thalamus, sensory-motor cortex related","#FF8084"
856,"DORpm","Thalamus, polymodal association cortex related","#FF909F"
637,"VENT","Ventral group of the dorsal thalamus","#FF8084"
406,"SPF","Subparafascicular nucleus","#FF8084"
609,"SPA","Subparafascicular area","#FF8084"
1044,"PP","Peripeduncular nucleus","#FF8084"
1008,"GENd","Geniculate group, dorsal thalamus","#FF8084"
629,"VAL","Ventral anterior-lateral complex of the thalamus","#FF8084"
685,"VM","Ventral medial nucleus of the thalamus","#FF8084"
709,"VP","Ventral posterior complex of the thalamus","#FF8084"
563807435,"PoT","Posterior triangular thalamic nucleus","#FF8084"
718,"VPL","Ventral posterolateral nucleus of the thalamus","#FF8084"
725,"VPLpc","Ventral posterolateral nucleus of the thalamus, parvicellular part","#FF8084"
733,"VPM","Ventral posteromedial nucleus of the thalamus","#FF8084"
741,"VPMpc","Ventral posteromedial nucleus of the thalamus, parvicellular part","#FF8084"
414,"SPFm","Subparafascicular nucleus, magnocellular part","#FF8084"
422,"SPFp","Subparafascicular nucleus, parvicellular part","#FF8084"
475,"MG","Medial geniculate complex","#FF8084"
170,"LGd","Dorsal part of the lateral geniculate complex","#FF8084"
1072,"MGd","Medial geniculate complex, dorsal part","#FF8084"
1079,"MGv","Medial geniculate complex, ventral part","#FF8084"
1088,"MGm","Medial geniculate complex, medial part","#FF8084"
496345664,"LGd-sh","Dorsal part of the lateral geniculate complex, shell","#FF8084"
496345668,"LGd-co","Dorsal part of the lateral geniculate complex, core","#FF8084"
496345672,"LGd-ip","Dorsal part of the lateral geniculate complex, ipsilateral zone","#FF8084"
138,"LAT","Lateral group of the dorsal thalamus","#FF909F"
239,"ATN","Anterior group of the dorsal thalamus","#FF909F"
444,"MED","Medial group of the dorsal thalamus","#FF909F"
571,"MTN","Midline group of the dorsal thalamus","#FF909F"
51,"ILM","Intralaminar nuclei of the dorsal thalamus","#FF909F"
262,"RT","Reticular nucleus of the thalamus","#FF909F"
1014,"GENv","Geniculate group, ventral thalamus","#FF909F"
958,"EPI","Epithalamus","#FF909F"
218,"LP","Lateral posterior nucleus of the thalamus","#FF909F"
1020,"PO","Posterior complex of the thalamus","#FF909F"
1029,"POL","Posterior limiting nucleus of the thalamus","#FF909F"
325,"SGN","Suprageniculate nucleus","#FF909F"
560581551,"Eth","Ethmoid nucleus of the thalamus","#FF909F"
560581555,"REth","Retroethmoid nucleus","#FF909F"
255,"AV","Anteroventral nucleus of thalamus","#FF909F"
127,"AM","Anteromedial nucleus","#FF909F"
64,"AD","Anterodorsal nucleus","#FF909F"
1120,"IAM","Interanteromedial nucleus of the thalamus","#FF909F"
1113,"IAD","Interanterodorsal nucleus of the thalamus","#FF909F"
155,"LD","Lateral dorsal nucleus of thalamus","#FF909F"
1096,"AMd","Anteromedial nucleus, dorsal part","#FF909F"
1104,"AMv","Anteromedial nucleus, ventral part","#FF909F"
59,"IMD","Intermediodorsal nucleus of the thalamus","#FF909F"
362,"MD","Mediodorsal nucleus of thalamus","#FF909F"
366,"SMT","Submedial nucleus of the thalamus","#FF909F"
1077,"PR","Perireunensis nucleus","#FF909F"
617,"MDc","Mediodorsal nucleus of the thalamus, central part","#FF909F"
626,"MDl","Mediodorsal nucleus of the thalamus, lateral part","#FF909F"
636,"MDm","Mediodorsal nucleus of the thalamus, medial part","#FF909F"
149,"PVT","Paraventricular nucleus of the thalamus","#FF909F"
15,"PT","Parataenial nucleus","#FF909F"
181,"RE","Nucleus of reuniens","#FF909F"
560581559,"Xi","Xiphoid thalamic nucleus","#FF909F"
189,"RH","Rhomboid nucleus","#FF909F"
599,"CM","Central medial nucleus of the thalamus","#FF909F"
907,"PCN","Paracentral nucleus","#FF909F"
575,"CL","Central lateral nucleus of the thalamus","#FF909F"
930,"PF","Parafascicular nucleus","#FF909F"
560581563,"PIL","Posterior intralaminar thalamic nucleus","#FF909F"
27,"IGL","Intergeniculate leaflet of the lateral geniculate complex","#FF909F"
563807439,"IntG","Intermediate geniculate nucleus","#FF909F"
178,"LGv","Ventral part of the lateral geniculate complex","#FF909F"
321,"SubG","Subgeniculate nucleus","#FF909F"
300,"LGvl","Ventral part of the lateral geniculate complex, lateral zone","#FF909F"
316,"LGvm","Ventral part of the lateral geniculate complex, medial zone","#FF909F"
483,"MH","Medial habenula","#FF909F"
186,"LH","Lateral habenula","#FF909F"
953,"PIN","Pineal body","#FF909F"
157,"PVZ","Periventricular zone","#FF5D50"
141,"PVR","Periventricular region","#FF5547"
467,"MEZ","Hypothalamic medial zone","#FF4C3E"
290,"LZ","Hypothalamic lateral zone","#F2483B"
10671,"ME","Median eminence","#F2483B"
390,"SO","Supraoptic nucleus","#FF5D50"
332,"ASO","Accessory supraoptic group","#FF5D50"
38,"PVH","Paraventricular hypothalamic nucleus","#FF5D50"
30,"PVa","Periventricular hypothalamic nucleus, anterior part","#FF5D50"
118,"PVi","Periventricular hypothalamic nucleus, intermediate part","#FF5D50"
223,"ARH","Arcuate hypothalamic nucleus","#FF5D50"
432,"NC","Nucleus circularis","#FF5D50"
71,"PVHm","Paraventricular hypothalamic nucleus, magnocellular division","#FF5D50"
94,"PVHp","Paraventricular hypothalamic nucleus, parvicellular division","#FF5D50"
47,"PVHam","Paraventricular hypothalamic nucleus, magnocellular division, anterior magnocellular part","#FF5D50"
79,"PVHmm","Paraventricular hypothalamic nucleus, magnocellular division, medial magnocellular part","#FF5D50"
103,"PVHpm","Paraventricular hypothalamic nucleus, magnocellular division, posterior magnocellular part","#FF5D50"
652,"PVHpml","Paraventricular hypothalamic nucleus, magnocellular division, posterior magnocellular part, lateral zone","#FF5D50"
660,"PVHpmm","Paraventricular hypothalamic nucleus, magnocellular division, posterior magnocellular part, medial zone","#FF5D50"
55,"PVHap","Paraventricular hypothalamic nucleus, parvicellular division, anterior parvicellular part","#FF5D50"
87,"PVHmpd","Paraventricular hypothalamic nucleus, parvicellular division, medial parvicellular part, dorsal zone","#FF5D50"
110,"PVHpv","Paraventricular hypothalamic nucleus, parvicellular division, periventricular part","#FF5D50"
72,"ADP","Anterodorsal preoptic nucleus","#FF5547"
80,"AHA","Anterior hypothalamic area","#FF5547"
263,"AVP","Anteroventral preoptic nucleus","#FF5547"
272,"AVPV","Anteroventral periventricular nucleus","#FF5547"
830,"DMH","Dorsomedial nucleus of the hypothalamus","#FF5547"
452,"MEPO","Median preoptic nucleus","#FF5547"
523,"MPO","Medial preoptic area","#FF5547"
763,"OV","Vascular organ of the lamina terminalis","#FF5547"
914,"PD","Posterodorsal preoptic nucleus","#FF5547"
1109,"PS","Parastrial nucleus","#FF5547"
1124,"PSCH","Suprachiasmatic preoptic nucleus","#FF5547"
126,"PVp","Periventricular hypothalamic nucleus, posterior part","#FF5547"
133,"PVpo","Periventricular hypothalamic nucleus, preoptic part","#FF5547"
347,"SBPV","Subparaventricular zone","#FF5547"
286,"SCH","Suprachiasmatic nucleus","#FF5547"
338,"SFO","Subfornical organ","#FF5547"
576073699,"VMPO","Ventromedial preoptic nucleus","#FF5547"
689,"VLPO","Ventrolateral preoptic nucleus","#FF5547"
668,"DMHa","Dorsomedial nucleus of the hypothalamus, anterior part","#FF5547"
676,"DMHp","Dorsomedial nucleus of the hypothalamus, posterior part","#FF5547"
684,"DMHv","Dorsomedial nucleus of the hypothalamus, ventral part","#FF5547"
88,"AHN","Anterior hypothalamic nucleus","#FF4C3E"
331,"MBO","Mammillary body","#FF4C3E"
515,"MPN","Medial preoptic nucleus","#FF4C3E"
980,"PMd","Dorsal premammillary nucleus","#FF4C3E"
1004,"PMv","Ventral premammillary nucleus","#FF4C3E"
63,"PVHd","Paraventricular hypothalamic nucleus, descending division","#FF4C3E"
693,"VMH","Ventromedial hypothalamic nucleus","#FF4C3E"
946,"PH","Posterior hypothalamic nucleus","#FF4C3E"
700,"AHNa","Anterior hypothalamic nucleus, anterior part","#FF4C3E"
708,"AHNc","Anterior hypothalamic nucleus, central part","#FF4C3E"
716,"AHNd","Anterior hypothalamic nucleus, dorsal part","#FF4C3E"
724,"AHNp","Anterior hypothalamic nucleus, posterior part","#FF4C3E"
210,"LM","Lateral mammillary nucleus","#FF4C3E"
491,"MM","Medial mammillary nucleus","#FF4C3E"
525,"SUM","Supramammillary nucleus","#FF4C3E"
557,"TM","Tuberomammillary nucleus","#FF4C3E"
732,"MMme","Medial mammillary nucleus, median part","#FF4C3E"
606826647,"MMl","Medial mammillary nucleus, lateral part","#FF4C3E"
606826651,"MMm","Medial mammillary nucleus, medial part","#FF4C3E"
606826655,"MMp","Medial mammillary nucleus, posterior part","#FF4C3E"
606826659,"MMd","Medial mammillary nucleus, dorsal part","#FF4C3E"
1110,"SUMl","Supramammillary nucleus, lateral part","#FF4C3E"
1118,"SUMm","Supramammillary nucleus, medial part","#FF4C3E"
1126,"TMd","Tuberomammillary nucleus, dorsal part","#FF4C3E"
1,"TMv","Tuberomammillary nucleus, ventral part","#FF4C3E"
740,"MPNc","Medial preoptic nucleus, central part","#FF4C3E"
748,"MPNl","Medial preoptic nucleus, lateral part","#FF4C3E"
756,"MPNm","Medial preoptic nucleus, medial part","#FF4C3E"
439,"PVHdp","Paraventricular hypothalamic nucleus, descending division, dorsal parvicellular part","#FF4C3E"
447,"PVHf","Paraventricular hypothalamic nucleus, descending division, forniceal part","#FF4C3E"
455,"PVHlp","Paraventricular hypothalamic nucleus, descending division, lateral parvicellular part","#FF4C3E"
464,"PVHmpv","Paraventricular hypothalamic nucleus, descending division, medial parvicellular part, ventral zone","#FF4C3E"
761,"VMHa","Ventromedial hypothalamic nucleus, anterior part","#FF4C3E"
769,"VMHc","Ventromedial hypothalamic nucleus, central part","#FF4C3E"
777,"VMHdm","Ventromedial hypothalamic nucleus, dorsomedial part","#FF4C3E"
785,"VMHvl","Ventromedial hypothalamic nucleus, ventrolateral part","#FF4C3E"
194,"LHA","Lateral hypothalamic area","#F2483B"
226,"LPO","Lateral preoptic area","#F2483B"
356,"PST","Preparasubthalamic nucleus","#F2483B"
364,"PSTN","Parasubthalamic nucleus","#F2483B"
576073704,"PeF","Perifornical nucleus","#F2483B"
173,"RCH","Retrochiasmatic area","#F2483B"
470,"STN","Subthalamic nucleus","#F2483B"
614,"TU","Tuberal nucleus","#F2483B"
797,"ZI","Zona incerta","#F2483B"
796,"A13","Dopaminergic A13 group","#F2483B"
804,"FF","Fields of Forel","#F2483B"
339,"MBsen","Midbrain, sensory related","#FF7AFF"
323,"MBmot","Midbrain, motor related","#FF90FF"
348,"MBsta","Midbrain, behavioral state related","#FF90FF"
302,"SCs","Superior colliculus, sensory related","#FF7AFF"
4,"IC","Inferior colliculus","#FF7AFF"
580,"NB","Nucleus of the brachium of the inferior colliculus","#FF7AFF"
271,"SAG","Nucleus sagulum","#FF7AFF"
874,"PBG","Parabigeminal nucleus","#FF7AFF"
460,"MEV","Midbrain trigeminal nucleus","#FF7AFF"
599626923,"SCO","Subcommissural organ","#FF7AFF"
851,"SCop","Superior colliculus, optic layer","#FF7AFF"
842,"SCsg","Superior colliculus, superficial gray layer","#FF7AFF"
834,"SCzo","Superior colliculus, zonal layer","#FF7AFF"
811,"ICc","Inferior colliculus, central nucleus","#FF7AFF"
820,"ICd","Inferior colliculus, dorsal nucleus","#FF7AFF"
828,"ICe","Inferior colliculus, external nucleus","#FF7AFF"
381,"SNr","Substantia nigra, reticular part","#FF90FF"
749,"VTA","Ventral tegmental area","#FF90FF"
607344830,"PN","Paranigral nucleus","#FF90FF"
246,"RR","Midbrain reticular nucleus, retrorubral area","#FF90FF"
128,"MRN","Midbrain reticular nucleus","#FF90FF"
294,"SCm","Superior colliculus, motor related","#FF90FF"
795,"PAG","Periaqueductal gray","#FF90FF"
1100,"PRT","Pretectal region","#FF90FF"
549009207,"InCo","Intercollicular nucleus","#FF90FF"
616,"CUN","Cuneiform nucleus","#FF90FF"
214,"RN","Red nucleus","#FF90FF"
35,"III","Oculomotor nucleus","#FF90FF"
549009211,"MA3","Medial accesory oculomotor nucleus","#FF90FF"
975,"EW","Edinger-Westphal nucleus","#FF90FF"
115,"IV","Trochlear nucleus","#FF90FF"
606826663,"Pa4","Paratrochlear nucleus","#FF90FF"
757,"VTN","Ventral tegmental nucleus","#FF90FF"
231,"AT","Anterior tegmental nucleus","#FF90FF"
66,"LT","Lateral terminal nucleus of the accessory optic tract","#FF90FF"
75,"DT","Dorsal terminal nucleus of the accessory optic tract","#FF90FF"
58,"MT","Medial terminal nucleus of the accessory optic tract","#FF90FF"
615,"SNl","Substantia nigra, lateral part","#FF90FF"
539,"MRNm","Midbrain reticular nucleus, magnocellular part","#FF90FF"
548,"MRNmg","Midbrain reticular nucleus, magnocellular part, general","#FF90FF"
555,"MRNp","Midbrain reticular nucleus, parvicellular part","#FF90FF"
26,"SCdg","Superior colliculus, motor related, deep gray layer","#FF90FF"
42,"SCdw","Superior colliculus, motor related, deep white layer","#FF90FF"
17,"SCiw","Superior colliculus, motor related, intermediate white layer","#FF90FF"
10,"SCig","Superior colliculus, motor related, intermediate gray layer","#FF90FF"
494,"SCig-a","Superior colliculus, motor related, intermediate gray layer, sublayer a","#FF90FF"
503,"SCig-b","Superior colliculus, motor related, intermediate gray layer, sublayer b","#FF90FF"
511,"SCig-c","Superior colliculus, motor related, intermediate gray layer, sublayer c","#FF90FF"
50,"PRC","Precommissural nucleus","#FF90FF"
67,"INC","Interstitial nucleus of Cajal","#FF90FF"
587,"ND","Nucleus of Darkschewitsch","#FF90FF"
614454277,"Su3","Supraoculomotor periaqueductal gray","#FF90FF"
215,"APN","Anterior pretectal nucleus","#FF90FF"
531,"MPT","Medial pretectal area","#FF90FF"
628,"NOT","Nucleus of the optic tract","#FF90FF"
634,"NPC","Nucleus of the posterior commissure","#FF90FF"
706,"OP","Olivary pretectal nucleus","#FF90FF"
1061,"PPT","Posterior pretectal nucleus","#FF90FF"
549009203,"RPF","Retroparafascicular nucleus","#FF90FF"
374,"SNc","Substantia nigra, compact part","#FFA6FF"
1052,"PPN","Pedunculopontine nucleus","#FFA6FF"
165,"RAmb","Midbrain raphe nuclei","#FFA6FF"
12,"IF","Interfascicular nucleus raphe","#FFA6FF"
100,"IPN","Interpeduncular nucleus","#FFA6FF"
197,"RL","Rostral linear nucleus raphe","#FFA6FF"
591,"CLI","Central linear nucleus raphe","#FFA6FF"
872,"DR","Dorsal nucleus raphe","#FFA6FF"
607344834,"IPR","Interpeduncular nucleus, rostral","#FFA6FF"
607344838,"IPC","Interpeduncular nucleus, caudal","#FFA6FF"
607344842,"IPA","Interpeduncular nucleus, apical","#FFA6FF"
607344846,"IPL","Interpeduncular nucleus, lateral","#FFA6FF"
607344850,"IPI","Interpeduncular nucleus, intermediate","#FFA6FF"
607344854,"IPDM","Interpeduncular nucleus, dorsomedial","#FFA6FF"
607344858,"IPDL","Interpeduncular nucleus, dorsolateral","#FFA6FF"
607344862,"IPRL","Interpeduncular nucleus, rostrolateral","#FFA6FF"
771,"P","Pons","#FF9B88"
354,"MY","Medulla","#FF9BCD"
1132,"P-sen","Pons, sensory related","#FFAE6F"
987,"P-mot","Pons, motor related","#FFBA86"
1117,"P-sat","Pons, behavioral state related","#FFC395"
612,"NLL","Nucleus of the lateral lemniscus","#FFAE6F"
7,"PSV","Principal sensory nucleus of the trigeminal","#FFAE6F"
867,"PB","Parabrachial nucleus","#FFAE6F"
398,"SOC","Superior olivary complex","#FFAE6F"
82,"NLLd","Nucleus of the lateral lemniscus, dorsal part","#FFAE6F"
90,"NLLh","Nucleus of the lateral lemniscus, horizontal part","#FFAE6F"
99,"NLLv","Nucleus of the lateral lemniscus, ventral part","#FFAE6F"
123,"KF","Koelliker-Fuse subnucleus","#FFAE6F"
881,"PBl","Parabrachial nucleus, lateral division","#FFAE6F"
890,"PBm","Parabrachial nucleus, medial division","#FFAE6F"
860,"PBlc","Parabrachial nucleus, lateral division, central lateral part","#FFAE6F"
868,"PBld","Parabrachial nucleus, lateral division, dorsal lateral part","#FFAE6F"
875,"PBle","Parabrachial nucleus, lateral division, external lateral part","#FFAE6F"
883,"PBls","Parabrachial nucleus, lateral division, superior lateral part","#FFAE6F"
891,"PBlv","Parabrachial nucleus, lateral division, ventral lateral part","#FFAE6F"
899,"PBme","Parabrachial nucleus, medial division, external medial part","#FFAE6F"
915,"PBmm","Parabrachial nucleus, medial division, medial medial part","#FFAE6F"
923,"PBmv","Parabrachial nucleus, medial division, ventral medial part","#FFAE6F"
122,"POR","Superior olivary complex, periolivary region","#FFAE6F"
105,"SOCm","Superior olivary complex, medial part","#FFAE6F"
114,"SOCl","Superior olivary complex, lateral part","#FFAE6F"
280,"B","Barrington's nucleus","#FFBA86"
880,"DTN","Dorsal tegmental nucleus","#FFBA86"
283,"LTN","Lateral tegmental nucleus","#FFBA86"
599626927,"PDTg","Posterodorsal tegmental nucleus","#FFBA86"
898,"PCG","Pontine central gray","#FFBA86"
931,"PG","Pontine gray","#FFBA86"
1093,"PRNc","Pontine reticular nucleus, caudal part","#FFBA86"
552,"PRNv","Pontine reticular nucleus, ventral part","#FFBA86"
318,"SG","Supragenual nucleus","#FFBA86"
462,"SSN","Superior salivatory nucleus","#FFBA86"
534,"SUT","Supratrigeminal nucleus","#FFBA86"
574,"TRN","Tegmental reticular nucleus","#FFBA86"
621,"V","Motor nucleus of trigeminal","#FFBA86"
549009215,"P5","Peritrigeminal zone","#FFBA86"
549009219,"Acs5","Accessory trigeminal nucleus","#FFBA86"
549009223,"PC5","Parvicellular motor 5 nucleus","#FFBA86"
549009227,"I5","Intertrigeminal nucleus","#FFBA86"
679,"CS","Superior central nucleus raphe","#FFC395"
147,"LC","Locus ceruleus","#FFC395"
162,"LDT","Laterodorsal tegmental nucleus","#FFC395"
604,"NI","Nucleus incertus","#FFC395"
146,"PRNr","Pontine reticular nucleus","#FFC395"
238,"RPO","Nucleus raphe pontis","#FFC395"
350,"SLC","Subceruleus nucleus","#FFC395"
358,"SLD","Sublaterodorsal nucleus","#FFC395"
137,"CSl","Superior central nucleus raphe, lateral part","#FFC395"
130,"CSm","Superior central nucleus raphe, medial part","#FFC395"
386,"MY-sen","Medulla, sensory related","#FFA5D2"
370,"MY-mot","Medulla, motor related","#FFB3D9"
379,"MY-sat","Medulla, behavioral state related","#FFC6E2"
207,"AP","Area postrema","#FFA5D2"
607,"CN","Cochlear nuclei","#FFA5D2"
720,"DCN","Dorsal column nuclei","#FFA5D2"
903,"ECU","External cuneate nucleus","#FFA5D2"
642,"NTB","Nucleus of the trapezoid body","#FFA5D2"
651,"NTS","Nucleus of the solitary tract","#FFA5D2"
429,"SPVC","Spinal nucleus of the trigeminal, caudal part","#FFA5D2"
437,"SPVI","Spinal nucleus of the trigeminal, interpolar part","#FFA5D2"
445,"SPVO","Spinal nucleus of the trigeminal, oral part","#FFA5D2"
589508451,"Pa5","Paratrigeminal nucleus","#FFA5D2"
789,"z","Nucleus z","#FFA5D2"
112,"CNlam","Granular lamina of the cochlear nuclei","#FFA5D2"
560,"CNspg","Cochlear nucleus, subpedunclular granular region","#FFA5D2"
96,"DCO","Dorsal cochlear nucleus","#FFA5D2"
101,"VCO","Ventral cochlear nucleus","#FFA5D2"
711,"CU","Cuneate nucleus","#FFA5D2"
1039,"GR","Gracile nucleus","#FFA5D2"
659,"NTSce","Nucleus of the solitary tract, central part","#FFA5D2"
666,"NTSco","Nucleus of the solitary tract, commissural part","#FFA5D2"
674,"NTSge","Nucleus of the solitary tract, gelatinous part","#FFA5D2"
682,"NTSl","Nucleus of the solitary tract, lateral part","#FFA5D2"
691,"NTSm","Nucleus of the solitary tract, medial part","#FFA5D2"
77,"SPVOcdm","Spinal nucleus of the trigeminal, oral part, caudal dorsomedial part","#FFA5D2"
53,"SPVOmdmd","Spinal nucleus of the trigeminal, oral part, middle dorsomedial part, dorsal zone","#FFA5D2"
61,"SPVOmdmv","Spinal nucleus of the trigeminal, oral part, middle dorsomedial part, ventral zone","#FFA5D2"
45,"SPVOrdm","Spinal nucleus of the trigeminal, oral part, rostral dorsomedial part","#FFA5D2"
69,"SPVOvl","Spinal nucleus of the trigeminal, oral part, ventrolateral part","#FFA5D2"
653,"VI","Abducens nucleus","#FFB3D9"
568,"ACVI","Accessory abducens nucleus","#FFB3D9"
661,"VII","Facial motor nucleus","#FFB3D9"
576,"ACVII","Accessory facial motor nucleus","#FFB3D9"
640,"EV","Efferent vestibular nucleus","#FFB3D9"
135,"AMB","Nucleus ambiguus","#FFB3D9"
839,"DMX","Dorsal motor nucleus of the vagus nerve","#FFB3D9"
887,"ECO","Efferent cochlear group","#FFB3D9"
1048,"GRN","Gigantocellular reticular nucleus","#FFB3D9"
372,"ICB","Infracerebellar nucleus","#FFB3D9"
83,"IO","Inferior olivary complex","#FFB3D9"
136,"IRN","Intermediate reticular nucleus","#FFB3D9"
106,"ISN","Inferior salivatory nucleus","#FFB3D9"
203,"LIN","Linear nucleus of the medulla","#FFB3D9"
235,"LRN","Lateral reticular nucleus","#FFB3D9"
307,"MARN","Magnocellular reticular nucleus","#FFB3D9"
395,"MDRN","Medullary reticular nucleus","#FFB3D9"
852,"PARN","Parvicellular reticular nucleus","#FFB3D9"
859,"PAS","Parasolitary nucleus","#FFB3D9"
938,"PGRN","Paragigantocellular reticular nucleus","#FFB3D9"
154,"PHY","Perihypoglossal nuclei","#FFB3D9"
995,"PMR","Paramedian reticular nucleus","#FFB3D9"
1069,"PPY","Parapyramidal nucleus","#FFB3D9"
701,"VNC","Vestibular nuclei","#FFB3D9"
765,"x","Nucleus x","#FFB3D9"
773,"XII","Hypoglossal nucleus","#FFB3D9"
781,"y","Nucleus y","#FFB3D9"
76,"INV","Interstitial nucleus of the vestibular nerve","#FFB3D9"
939,"AMBd","Nucleus ambiguus, dorsal division","#FFB3D9"
143,"AMBv","Nucleus ambiguus, ventral division","#FFB3D9"
955,"LRNm","Lateral reticular nucleus, magnocellular part","#FFB3D9"
963,"LRNp","Lateral reticular nucleus, parvicellular part","#FFB3D9"
1098,"MDRNd","Medullary reticular nucleus, dorsal part","#FFB3D9"
1107,"MDRNv","Medullary reticular nucleus, ventral part","#FFB3D9"
970,"PGRNd","Paragigantocellular reticular nucleus, dorsal part","#FFB3D9"
978,"PGRNl","Paragigantocellular reticular nucleus, lateral part","#FFB3D9"
161,"NIS","Nucleus intercalatus","#FFB3D9"
177,"NR","Nucleus of Roller","#FFB3D9"
169,"PRP","Nucleus prepositus","#FFB3D9"
185,"PPYd","Parapyramidal nucleus, deep part","#FFB3D9"
193,"PPYs","Parapyramidal nucleus, superficial part","#FFB3D9"
209,"LAV","Lateral vestibular nucleus","#FFB3D9"
202,"MV","Medial vestibular nucleus","#FFB3D9"
225,"SPIV","Spinal vestibular nucleus","#FFB3D9"
217,"SUV","Superior vestibular nucleus","#FFB3D9"
206,"RM","Nucleus raphe magnus","#FFC6E2"
230,"RPA","Nucleus raphe pallidus","#FFC6E2"
222,"RO","Nucleus raphe obscurus","#FFC6E2"
528,"CBX","Cerebellar cortex","#F0F080"
519,"CBN","Cerebellar nuclei","#F0F080"
1144,"CBXmo","Cerebellar cortex, molecular layer","#FFFC91"
1145,"CBXpu","Cerebellar cortex, Purkinje layer","#FFFC91"
1143,"CBXgr","Cerebellar cortex, granular layer","#ECE754"
645,"VERM","Vermal regions","#FFFC91"
1073,"HEM","Hemispheric regions","#FFFC91"
912,"LING","Lingula (I)","#FFFC91"
920,"CENT","Central lobule","#FFFC91"
928,"CUL","Culmen","#FFFC91"
936,"DEC","Declive (VI)","#FFFC91"
944,"FOTU","Folium-tuber vermis (VII)","#FFFC91"
951,"PYR","Pyramus (VIII)","#FFFC91"
957,"UVU","Uvula (IX)","#FFFC91"
968,"NOD","Nodulus (X)","#FFFC91"
10707,"LINGmo","Lingula (I), molecular layer","#FFFC91"
10706,"LINGpu","Lingula (I), Purkinje layer","#FFFC91"
10705,"LINGgr","Lingula (I), granular layer","#ECE754"
976,"CENT2","Lobule II","#FFFC91"
984,"CENT3","Lobule III","#FFFC91"
10710,"CENT2mo","Lobule II, molecular layer","#FFFC91"
10709,"CENT2pu","Lobule II, Purkinje layer","#FFFC91"
10708,"CENT2gr","Lobule II, granular layer","#ECE754"
10713,"CENT3mo","Lobule III, molecular layer","#FFFC91"
10712,"CENT3pu","Lobule III, Purkinje layer","#FFFC91"
10711,"CENT3gr","Lobule III, granular layer","#ECE754"
992,"CUL4","Lobule IV","#FFFC91"
1001,"CUL5","Lobule V","#FFFC91"
1091,"CUL4, 5","Lobules IV-V","#FFFC91"
10716,"CUL4mo","Lobule IV, molecular layer","#FFFC91"
10715,"CUL4pu","Lobule IV, Purkinje layer","#FFFC91"
10714,"CUL4gr","Lobule IV, granular layer","#ECE754"
10719,"CUL5mo","Lobule V, molecular layer","#FFFC91"
10718,"CUL5pu","Lobule V, Purkinje layer","#FFFC91"
10717,"CUL5gr","Lobule V, granular layer","#ECE754"
10722,"CUL4, 5mo","Lobules IV-V, molecular layer","#FFFC91"
10721,"CUL4, 5pu","Lobules IV-V, Purkinje layer","#FFFC91"
10720,"CUL4, 5gr","Lobules IV-V, granular layer","#ECE754"
10725,"DECmo","Declive (VI), molecular layer","#FFFC91"
10724,"DECpu","Declive (VI), Purkinje layer","#FFFC91"
10723,"DECgr","Declive (VI), granular layer","#ECE754"
10728,"FOTUmo","Folium-tuber vermis (VII), molecular layer","#FFFC91"
10727,"FOTUpu","Folium-tuber vermis (VII), Purkinje layer","#FFFC91"
10726,"FOTUgr","Folium-tuber vermis (VII), granular layer","#ECE754"
10731,"PYRmo","Pyramus (VIII), molecular layer","#FFFC91"
10730,"PYRpu","Pyramus (VIII), Purkinje layer","#FFFC91"
10729,"PYRgr","Pyramus (VIII), granular layer","#ECE754"
10734,"UVUmo","Uvula (IX), molecular layer","#FFFC91"
10733,"UVUpu","Uvula (IX), Purkinje layer","#FFFC91"
10732,"UVUgr","Uvula (IX), granular layer","#ECE754"
10737,"NODmo","Nodulus (X), molecular layer","#FFFC91"
10736,"NODpu","Nodulus (X), Purkinje layer","#FFFC91"
10735,"NODgr","Nodulus (X), granular layer","#ECE754"
1007,"SIM","Simple lobule","#FFFC91"
1017,"AN","Ansiform lobule","#FFFC91"
1025,"PRM","Paramedian lobule","#FFFC91"
1033,"COPY","Copula pyramidis","#FFFC91"
1041,"PFL","Paraflocculus","#FFFC91"
1049,"FL","Flocculus","#FFFC91"
10674,"SIMmo","Simple lobule, molecular layer","#FFFC91"
10673,"SIMpu","Simple lobule, Purkinje layer","#FFFC91"
10672,"SIMgr","Simple lobule, granular layer","#ECE754"
1056,"ANcr1","Crus 1","#FFFC91"
1064,"ANcr2","Crus 2","#FFFC91"
10677,"ANcr1mo","Crus 1, molecular layer","#FFFC91"
10676,"ANcr1pu","Crus 1, Purkinje layer","#FFFC91"
10675,"ANcr1gr","Crus 1, granular layer","#ECE754"
10680,"ANcr2mo","Crus 2, molecular layer","#FFFC91"
10679,"ANcr2pu","Crus 2, Purkinje layer","#FFFC91"
10678,"ANcr2gr","Crus 2, granular layer","#ECE754"
10683,"PRMmo","Paramedian lobule, molecular layer","#FFFC91"
10682,"PRMpu","Paramedian lobule, Purkinje layer","#FFFC91"
10681,"PRMgr","Paramedian lobule, granular layer","#ECE754"
10686,"COPYmo","Copula pyramidis, molecular layer","#FFFC91"
10685,"COPYpu","Copula pyramidis, Purkinje layer","#FFFC91"
10684,"COPYgr","Copula pyramidis, granular layer","#ECE754"
10689,"PFLmo","Paraflocculus, molecular layer","#FFFC91"
10688,"PFLpu","Paraflocculus, Purkinje layer","#FFFC91"
10687,"PFLgr","Paraflocculus, granular layer","#ECE754"
10692,"FLmo","Flocculus, molecular layer","#FFFC91"
10691,"FLpu","Flocculus, Purkinje layer","#FFFC91"
10690,"FLgr","Flocculus, granular layer","#ECE754"
989,"FN","Fastigial nucleus","#FFFDBC"
91,"IP","Interposed nucleus","#FFFDBC"
846,"DN","Dentate nucleus","#FFFDBC"
589508455,"VeCB","Vestibulocerebellar nucleus","#FFFDBC"
967,"cm","cranial nerves","#CCCCCC"
960,"cbf","cerebellum related fiber tracts","#CCCCCC"
484682512,"scwm","supra-callosal cerebral white matter","#CCCCCC"
983,"lfbs","lateral forebrain bundle system","#CCCCCC"
1000,"eps","extrapyramidal fiber systems","#CCCCCC"
991,"mfbs","medial forebrain bundle system","#CCCCCC"
885,"tn","terminal nerve","#CCCCCC"
949,"von","vomeronasal nerve","#CCCCCC"
840,"In","olfactory nerve","#CCCCCC"
848,"IIn","optic nerve","#CCCCCC"
832,"IIIn","oculomotor nerve","#CCCCCC"
911,"IVn","trochlear nerve","#CCCCCC"
710,"VIn","abducens nerve","#CCCCCC"
901,"Vn","trigeminal nerve","#CCCCCC"
798,"VIIn","facial nerve","#CCCCCC"
933,"VIIIn","vestibulocochlear nerve","#CCCCCC"
808,"IXn","glossopharyngeal nerve","#CCCCCC"
917,"Xn","vagus nerve","#CCCCCC"
717,"XIn","accessory spinal nerve","#CCCCCC"
813,"XIIn","hypoglossal nerve","#CCCCCC"
925,"vrt","ventral roots","#CCCCCC"
792,"drt","dorsal roots","#CCCCCC"
871,"sst","spinothalamic tract","#CCCCCC"
1016,"onl","olfactory nerve layer of main olfactory bulb","#CCCCCC"
21,"lotg","lateral olfactory tract, general","#CCCCCC"
900,"aco","anterior commissure, olfactory limb","#CCCCCC"
665,"lot","lateral olfactory tract, body","#CCCCCC"
538,"lotd","dorsal limb","#CCCCCC"
459,"aolt","accessory olfactory tract","#CCCCCC"
876,"aot","accessory optic tract","#CCCCCC"
916,"bsc","brachium of the superior colliculus","#CCCCCC"
336,"csc","superior colliculus commissure","#CCCCCC"
117,"och","optic chiasm","#CCCCCC"
125,"opt","optic tract","#CCCCCC"
357,"ttp","tectothalamic pathway","#CCCCCC"
62,"mlf","medial longitudinal fascicle","#CCCCCC"
158,"pc","posterior commissure","#CCCCCC"
384,"IVd","trochlear nerve decussation","#CCCCCC"
93,"moV","motor root of the trigeminal nerve","#CCCCCC"
229,"sV","sensory root of the trigeminal nerve","#CCCCCC"
705,"mtV","midbrain tract of the trigeminal nerve","#CCCCCC"
794,"sptV","spinal tract of the trigeminal nerve","#CCCCCC"
1131,"iVIIn","intermediate nerve","#CCCCCC"
1116,"gVIIn","genu of the facial nerve","#CCCCCC"
1076,"cvb","efferent cochleovestibular bundle","#CCCCCC"
413,"vVIIIn","vestibular nerve","#CCCCCC"
948,"cVIIIn","cochlear nerve","#CCCCCC"
841,"tb","trapezoid body","#CCCCCC"
641,"ias","intermediate acoustic stria","#CCCCCC"
506,"das","dorsal acoustic stria","#CCCCCC"
658,"ll","lateral lemniscus","#CCCCCC"
633,"cic","inferior colliculus commissure","#CCCCCC"
482,"bic","brachium of the inferior colliculus","#CCCCCC"
237,"ts","solitary tract","#CCCCCC"
932,"cett","cervicothalamic tract","#CCCCCC"
570,"dl","dorsolateral fascicle","#CCCCCC"
522,"dcm","dorsal commissure of the spinal cord","#CCCCCC"
858,"vc","ventral commissure of the spinal cord","#CCCCCC"
586,"fpr","fasciculus proprius","#CCCCCC"
514,"dc","dorsal column","#CCCCCC"
697,"ml","medial lemniscus","#CCCCCC"
380,"cuf","cuneate fascicle","#CCCCCC"
388,"grf","gracile fascicle","#CCCCCC"
396,"iaf","internal arcuate fibers","#CCCCCC"
29,"sttl","lateral spinothalamic tract","#CCCCCC"
389,"sttv","ventral spinothalamic tract","#CCCCCC"
245,"scrt","spinocervical tract","#CCCCCC"
261,"sop","spino-olivary pathway","#CCCCCC"
270,"srp","spinoreticular pathway","#CCCCCC"
293,"svp","spinovestibular pathway","#CCCCCC"
277,"stp","spinotectal pathway","#CCCCCC"
253,"shp","spinohypothalamic pathway","#CCCCCC"
285,"step","spinotelenchephalic pathway","#CCCCCC"
627,"hht","hypothalamohypophysial tract","#CCCCCC"
744,"cbc","cerebellar commissure","#CCCCCC"
752,"cbp","cerebellar peduncles","#CCCCCC"
728,"arb","arbor vitae","#CCCCCC"
326,"scp","superior cerebelar peduncles","#CCCCCC"
78,"mcp","middle cerebellar peduncle","#CCCCCC"
1123,"icp","inferior cerebellar peduncle","#CCCCCC"
373,"tct","trigeminocerebellar tract","#CCCCCC"
812,"dscp","superior cerebellar peduncle decussation","#CCCCCC"
850,"uf","uncinate fascicle","#CCCCCC"
866,"sctv","ventral spinocerebellar tract","#CCCCCC"
85,"sct","spinocerebellar tract","#CCCCCC"
553,"sctd","dorsal spinocerebellar tract","#CCCCCC"
499,"cct","cuneocerebellar tract","#CCCCCC"
650,"jrb","juxtarestiform body","#CCCCCC"
490,"bct","bulbocerebellar tract","#CCCCCC"
404,"oct","olivocerebellar tract","#CCCCCC"
410,"rct","reticulocerebellar tract","#CCCCCC"
776,"cc","corpus callosum","#CCCCCC"
784,"cst","corticospinal tract","#CCCCCC"
896,"lfbst","thalamus related","#CCCCCC"
956,"fa","corpus callosum, anterior forceps","#CCCCCC"
964,"ee","corpus callosum, extreme capsule","#CCCCCC"
1108,"ccg","genu of corpus callosum","#CCCCCC"
971,"fp","corpus callosum, posterior forceps","#CCCCCC"
979,"ccr","corpus callosum, rostrum","#CCCCCC"
484682516,"ccb","corpus callosum, body","#CCCCCC"
986,"ccs","corpus callosum, splenium","#CCCCCC"
579,"ec","external capsule","#CCCCCC"
6,"int","internal capsule","#CCCCCC"
924,"cpd","cerebal peduncle","#CCCCCC"
1036,"cte","corticotectal tract","#CCCCCC"
1012,"crt","corticorubral tract","#CCCCCC"
1003,"cpt","corticopontine tract","#CCCCCC"
994,"cbt","corticobulbar tract","#CCCCCC"
190,"py","pyramid","#CCCCCC"
198,"pyd","pyramidal decussation","#CCCCCC"
1019,"cstc","corticospinal tract, crossed","#CCCCCC"
1028,"cstu","corticospinal tract, uncrossed","#CCCCCC"
1092,"em","external medullary lamina of the thalamus","#CCCCCC"
14,"im","internal medullary lamina of the thalamus","#CCCCCC"
86,"mtc","middle thalamic commissure","#CCCCCC"
365,"tp","thalamic peduncles","#CCCCCC"
484682520,"or","optic radiation","#CCCCCC"
484682524,"ar","auditory radiation","#CCCCCC"
760,"epsc","cerebral nuclei related","#CCCCCC"
877,"tsp","tectospinal pathway","#CCCCCC"
863,"rust","rubrospinal tract","#CCCCCC"
736,"ctb","central tegmental bundle","#CCCCCC"
855,"rst","retriculospinal tract","#CCCCCC"
941,"vsp","vestibulospinal pathway","#CCCCCC"
142,"pap","pallidothalamic pathway","#CCCCCC"
102,"nst","nigrostriatal tract","#CCCCCC"
109,"ntt","nigrothalamic fibers","#CCCCCC"
134,"ptf","pallidotegmental fascicle","#CCCCCC"
309,"snp","striatonigral pathway","#CCCCCC"
317,"stf","subthalamic fascicle","#CCCCCC"
1051,"tspd","direct tectospinal pathway","#CCCCCC"
1060,"dtd","doral tegmental decussation","#CCCCCC"
1043,"tspc","crossed tectospinal pathway","#CCCCCC"
397,"vtd","ventral tegmental decussation","#CCCCCC"
221,"rrt","rubroreticular tract","#CCCCCC"
205,"rstl","retriculospinal tract, lateral part","#CCCCCC"
213,"rstm","retriculospinal tract, medial part","#CCCCCC"
768,"mfbc","cerebrum related","#CCCCCC"
824,"mfsbshy","hypothalamus related","#CCCCCC"
884,"amc","amygdalar capsule","#CCCCCC"
892,"apd","ansa peduncularis","#CCCCCC"
908,"act","anterior commissure, temporal limb","#CCCCCC"
940,"cing","cingulum bundle","#CCCCCC"
1099,"fxs","fornix system","#CCCCCC"
37,"lab","longitudinal association bundle","#CCCCCC"
301,"st","stria terminalis","#CCCCCC"
466,"alv","alveus","#CCCCCC"
530,"df","dorsal fornix","#CCCCCC"
603,"fi","fimbria","#CCCCCC"
745,"fxprg","precommissural fornix, general","#CCCCCC"
737,"fxpo","postcommissural fornix","#CCCCCC"
618,"hc","hippocampal commissures","#CCCCCC"
713,"per","perforant path","#CCCCCC"
474,"ab","angular path","#CCCCCC"
420,"db","precommissural fornix diagonal band","#CCCCCC"
428,"mct","medial corticohypothalamic tract","#CCCCCC"
436,"fx","columns of the fornix","#CCCCCC"
443,"dhc","dorsal hippocampal commissure","#CCCCCC"
449,"vhc","ventral hippocampal commissure","#CCCCCC"
484682528,"stc","commissural branch of stria terminalis","#CCCCCC"
54,"mfb","medial forebrain bundle","#CCCCCC"
405,"vlt","ventrolateral hypothalamic tract","#CCCCCC"
174,"poc","preoptic commissure","#CCCCCC"
349,"sup","supraoptic commissures","#CCCCCC"
166,"pmx","premammillary commissure","#CCCCCC"
341,"smd","supramammillary decussation","#CCCCCC"
182,"php","propriohypothalamic pathways","#CCCCCC"
150,"pvbh","periventricular bundle of the hypothalamus","#CCCCCC"
46,"mfbsma","mammillary related","#CCCCCC"
1068,"mfbst","dorsal thalamus related","#CCCCCC"
1083,"mfbse","epithalamus related","#CCCCCC"
70,"mfbsm","midbrain related","#CCCCCC"
817,"supa","supraoptic commissures, anterior","#CCCCCC"
825,"supd","supraoptic commissures, dorsal","#CCCCCC"
833,"supv","supraoptic commissures, ventral","#CCCCCC"
762,"phpd","propriohypothalamic pathways, dorsal","#CCCCCC"
770,"phpl","propriohypothalamic pathways, lateral","#CCCCCC"
779,"phpm","propriohypothalamic pathways, medial","#CCCCCC"
787,"phpv","propriohypothalamic pathways, ventral","#CCCCCC"
753,"pm","principal mammillary tract","#CCCCCC"
690,"mtt","mammillothalamic tract","#CCCCCC"
681,"mtg","mammillotegmental tract","#CCCCCC"
673,"mp","mammillary peduncle","#CCCCCC"
722,"pvbt","periventricular bundle of the thalamus","#CCCCCC"
802,"sm","stria medullaris","#CCCCCC"
595,"fr","fasciculus retroflexus","#CCCCCC"
611,"hbc","habenular commissure","#CCCCCC"
730,"PIS","pineal stalk","#CCCCCC"
547,"dlf","dorsal longitudinal fascicle","#CCCCCC"
563,"dtt","dorsal tegmental tract","#CCCCCC"
81,"VL","lateral ventricle","#AAAAAA"
124,"IVF","interventricular foramen","#AAAAAA"
129,"V3","third ventricle","#AAAAAA"
140,"AQ","cerebral aqueduct","#AAAAAA"
145,"V4","fourth ventricle","#AAAAAA"
164,"c","central canal, spinal cord/medulla","#AAAAAA"
89,"RC","rhinocele","#AAAAAA"
98,"SEZ","subependymal zone","#AAAAAA"
108,"chpl","choroid plexus","#AAAAAA"
116,"chfl","choroid fissure","#AAAAAA"
153,"V4r","lateral recess","#AAAAAA"
1032,"grv of CTX","grooves of the cerebral cortex","#AAAAAA"
1040,"grv of CBX","grooves of the cerebellar cortex","#AAAAAA"
624,"IPF","Interpeduncular fossa","#AAAAAA"
1055,"eg","endorhinal groove","#AAAAAA"
1063,"hf","hippocampal fissure","#AAAAAA"
1071,"rf","rhinal fissure","#AAAAAA"
1078,"ri","rhinal incisure","#AAAAAA"
1087,"pce","precentral fissure","#AAAAAA"
1095,"pcf","preculminate fissure","#AAAAAA"
1103,"pri","primary fissure","#AAAAAA"
1112,"psf","posterior superior fissure","#AAAAAA"
1119,"ppf","prepyramidal fissure","#AAAAAA"
3,"sec","secondary fissure","#AAAAAA"
11,"plf","posterolateral fissure","#AAAAAA"
18,"nf","nodular fissure","#AAAAAA"
25,"sif","simple fissure","#AAAAAA"
34,"icf","intercrural fissure","#AAAAAA"
43,"apf","ansoparamedian fissure","#AAAAAA"
49,"ipf","intraparafloccular fissure","#AAAAAA"
57,"pms","paramedian sulcus","#AAAAAA"
65,"pfs","parafloccular sulcus","#AAAAAA"
